id,alpha,beta,gamma,H,theta,expected_loss,unexpected_loss1,unexpected_loss2
0,0.017612140704913393,2.408201474459661,0.008487133192162667,0.001,0.25857485311752804,1017687237.1302307,1406893532.896296,1619886923.009959
1,0.04819544714759401,3.661338250597314,0.0053171669632631376,0.348836048702027,0.001,1319880791.326861,3594059207.7205915,5135551629.800209
2,0.03043855711987232,0.001,0.001,0.07061702067361256,0.30278369598848004,1016378354.1442806,1389360117.4836311,1546656588.5901952
3,0.02216436234117547,0.001,0.010399057925489107,0.8458458408072738,0.16643309732753697,1069321459.6633621,2185769230.549322,3100750025.3439803
4,0.029530301113969343,0.901640814782011,0.005773404953009166,0.4588824166372105,0.11295030097401403,1155390262.3059354,2477471118.648467,3670882194.7898636
5,0.0737806119545241,3.4093840742908217,0.004343031083938511,0.38132767677546975,0.08959539228707167,1278570200.4816103,3366684209.4802437,4994299153.673197
6,0.024587946850315116,3.178791569121564,0.0035849380562275874,0.09105510774008119,0.04963267197095646,1050537080.7361792,1661386060.2308383,2078060048.9761167
7,0.017194185111648556,0.001,0.009882617843901766,0.001,0.2506067815271984,1016098396.5238727,1412877969.920188,1655737847.442685
8,0.048354740346784414,1.9255782791632907,0.007161055781748904,0.43196822532131074,0.22247603767565016,1257437036.9272535,3328930792.4945827,4978194265.234316
9,0.018299911986759412,2.6209111046205846,0.0184384778859787,0.4926189573068225,0.001,1434650467.1109793,4379471594.979321,5947531238.995981
10,0.026473240028717995,1.3443576604168959,0.005313308148408139,0.6127793024874987,0.3103595409660166,1290697268.2762477,3617146729.515602,5188267370.250078
11,0.04180927485323206,0.001,1.801565099528689e-05,0.39628954924937776,0.2063576622701215,1048599204.2780368,1791372473.893353,2208827203.8336234
12,0.0051360976366065444,0.9818515718512291,0.0021268705784464746,0.14107951188989698,0.13905747615831118,1048620309.5021143,1601765084.6000223,1953164010.8543208
13,0.001,1.856476394964063,0.004466251382969378,0.38147612574258916,0.07802272546567722,1192718320.8758128,2812422582.997966,4145638904.801981
14,0.0024599319441115965,3.6798930726686576,0.003406068095687202,0.02804131839845342,0.14839986539373654,1027127399.283183,1431748064.6167233,1693362558.5587115
15,0.04420125746508567,1.8802087161116559,0.0051997678137134665,0.4197956227706621,0.05411692836500471,1153444391.6876879,2934844564.5379763,4231383723.774114
16,0.052048853613032645,2.0443522835411287,0.012378139904745785,0.0918469796472238,0.19720875502501026,1027003763.3502516,1510346569.7058523,1789845525.5480363
17,0.013809974535359617,1.506532780362311,0.0023944380249440334,0.10953777014166496,0.12723342017575054,1019859136.1770167,1509281026.4094076,1800597116.5641284
18,0.02857621972896013,2.550244653529046,0.004194452046596714,0.7457235088902148,0.001,1651622023.7734685,5341546924.684294,6491351273.627308
19,0.07965218640195441,0.9996062729153367,0.007553979411009639,0.6437054820505463,0.1578151516289297,1165738220.435053,2925832218.0276704,4344638477.50553
20,0.04371933122667064,0.001,0.004699750853018396,0.18781647700916693,0.18661279921918314,1032799691.608209,1484790791.778636,1821202732.686074
21,0.016194588090642035,0.49891978222594346,0.00301218784260143,0.3238654255292132,0.07718252113023442,1027681805.1019288,1692905979.1636705,2194252132.035694
22,0.035814287391056965,5.190686925060318,0.0041494403497990395,0.2699686073254558,0.03360092193855897,1320728023.3986616,3764916341.403058,4994155216.739676
23,0.001,3.4092495316939737,0.008755955680150737,0.001,0.01158806688320245,1020096510.5076207,1373539877.7095547,1560473595.2512085
24,0.020008329640657737,1.513037411062966,0.006371468597568227,0.29909703979071517,0.03502852857421074,1069443080.7794569,2085294447.0067892,2990859818.027717
25,0.03738568207099782,1.9312289685154842,0.001,0.38260044398719784,0.23444080308752313,1111346685.3507316,2500320505.5781775,4211333237.915356
26,0.05355642272145596,0.001,0.008538259983939103,0.001,0.1119907716693425,1016405887.8835053,1392716257.6939917,1612675412.4063253
27,0.010749665312131763,4.7057156599585,0.00263966939865965,0.6453453234701325,0.04123636262255395,2175959567.0140967,6245708461.823871,6967930631.5216255
28,0.03394432874872874,1.2238073076461586,0.001,0.734531499382125,0.12430611013714853,1243067215.8713667,3708010562.344851,5836246488.503757
29,0.030189365767366895,2.483050225066328,0.0014940279808139372,0.033901761935195895,0.11170891049768492,1026694121.2121865,1429224664.010148,1664215409.427755
30,0.0334528644837626,0.017669952606666373,0.005618373521480214,0.27528956530408005,0.20841669922231842,1027312149.2527881,1601167158.2945466,1899987950.470777
31,0.001,0.32103072653193365,0.004142499693549102,0.46404678804738986,0.09713501742049709,1075805791.079655,1990680357.5741396,2739676851.4414353
32,0.001,0.001,0.0028120855383515515,0.33645297867920615,0.13216287929328893,1024582377.112862,1655078782.7121432,2091909872.3092093
33,0.02719639897597198,0.02176074867579203,0.007663913899507824,0.10954995002550072,0.07273889225557623,1023768514.8410099,1448923402.2264938,1752106341.971394
34,0.007563498502354193,0.001,0.007886596691920763,0.41728849264201384,0.17848427973979036,1034683630.671044,1735678883.1523533,2276854943.521063
35,0.007015111287086229,0.679705539217367,0.01222859313804419,0.20063185191913724,0.10394840570193675,1042154455.9168754,1596457017.3733883,1939037703.6608267
36,0.047251898118951155,3.1673943272108236,0.0060859556076578334,0.12028643689719484,0.03268316861378365,1055049112.6012257,1693369719.371531,2329053757.3210096
37,0.029563655440378922,0.9651112290221764,0.001,0.7241423210133189,0.26055868157892037,1213592645.4709513,3035318464.4019465,4895201321.307865
38,0.008482574661723115,3.020306656545329,0.0025196050942582517,0.1646759359411189,0.001,1111145289.4585376,2081448055.8746607,3216450485.8915043
39,0.040823661121359676,3.952548675779068,0.0009425656345644863,0.017201772515145042,0.24145952441149543,1020221313.8379098,1418248829.0895483,1714477856.9192722
40,0.041356392827467954,0.001,0.009920137115926063,0.2757159478878008,0.1456348943073178,1032618904.2806523,1629458238.674451,2023110493.09356
41,0.032982001426764655,0.001,0.008254070389057589,0.001,0.001,1040156289.601108,1429735115.606854,1627346617.702551
42,0.010408814312408993,0.06394582654263647,0.001,0.8360912301695735,0.1333376890316327,1110302615.4902186,2438025014.3920827,3285514062.51674
43,0.031437776136668406,0.001,0.01448471928569708,0.665651018961422,0.001,1094715713.53204,2051493432.652751,2899810435.020338
44,0.02371214690253619,1.662501847838038,0.013871421157716203,0.4199689028869409,0.20041735798954874,1163661676.0919993,2771078018.228447,3967308310.8778105
45,0.022597818181141684,0.9074532886205299,0.008126692467341433,0.31126055909809336,0.02514370405757592,1053825518.621356,1877505629.986197,2631285504.2488117
46,0.028717878101402673,1.2550302781373772,0.0007566161293328195,0.4922101113804288,0.25059188316189984,1153718886.1798484,2614988468.0647655,3697497702.5889444
47,0.031428109633263125,1.8029065413589893,0.001,0.001,0.05983114963447752,1032626789.217087,1452500269.613538,1699250837.2657175
48,0.03999501429811536,2.475011617500298,0.007797808975447276,0.001,0.19420838012673122,1029417213.9792801,1423213741.5111861,1647243677.5554457
49,0.037963105386702695,0.7366646887216786,0.009744972750232764,0.6918664738295335,0.25739667063003324,1190455950.025184,2990193526.568182,4299504840.842226
50,0.006081671932319985,5.022003433857293,0.018427089277441848,0.22051793752205776,0.03875398737307974,1245087817.3805923,3367334497.2947397,4868412745.754181
51,0.001,3.728310679158139,0.00455561774409049,0.6969177068230697,0.19639257972100668,1857905745.510847,6117233930.975867,6759056704.075938
52,0.006592156457230816,0.001,0.008044924462905422,1.1448186445316675,0.11190156990514072,1105787553.2342086,2517838756.124404,3612118653.1750684
53,0.05192587057573955,0.8077555602661542,0.01085081090975196,0.001,0.08457456216167336,1019006728.4803324,1396715648.3696187,1605998598.5058331
54,0.022594455935764722,1.6153870505946748,0.001,0.001,0.06805817186931942,1044775191.5924846,1456926419.3158836,1766711834.4360046
55,0.001,1.8798771872374151,0.0012973728809620101,0.8859623590634467,0.22957529081839673,1583887809.9965897,5265323012.646003,6503691204.776468
56,0.024463866704289794,0.14626291597088037,0.012033991946655012,0.002315130086991357,0.001,1011937916.1605576,1419591820.4531026,1644773954.7058299
57,0.0016623205914415434,0.001,0.002829047806746448,0.37491542719068205,0.05682217776141246,1043992797.1876584,1707366560.5637302,2062744217.5396075
58,0.05815238292664626,1.78109722028295,0.006186716948418711,0.33499891851388924,0.1518110268013582,1073525572.0356153,2256922436.3370104,3365902387.2608204
59,0.00918336371417516,0.49993009350390194,0.0013834458794488762,0.4655690864011611,0.18641378601850056,1081224950.3644352,2202924062.974331,3124897015.099415
60,0.001,1.540939843115391,0.009349663540473768,0.2985135840275715,0.001,1113504764.4014926,2368089862.989181,3479211432.36861
61,0.005777615713274566,0.33221716550434666,0.003460984929738054,0.5369442809201111,0.001,1068791647.5122247,2063770489.8864892,2787644640.5031857
62,0.012439223828672945,1.8402015714732087,0.001,0.4998974764400252,0.10901293144859958,1226964372.8917422,3525718245.5231605,4782240031.545961
63,0.04783252429140697,2.972691826272712,0.002611491195794892,0.3197855276358845,0.019855498338629998,1242413886.8537045,3109009510.7210917,4633934334.18218
64,0.001,1.188713801291823,0.005169670678257876,0.31438165998906137,0.001,1117572385.0503538,2189303713.831689,3267592638.490802
65,0.03169602091650877,1.0844213362138873,0.00040608312727446333,0.405943387888613,0.08490554622552784,1077886734.8161788,2194229130.6430054,3261247376.3083367
66,0.016077651290025488,0.18819190981828915,0.00976887477581242,0.001,0.13692314049909712,1029560235.1867976,1435299216.8484266,1767201079.1630697
67,0.001,2.1482629238773896,0.0030363000230952475,0.549994002642922,0.08136523231651328,1469526398.0244431,4386991686.957975,5948435204.063055
68,0.04530098520304407,0.26874865391279634,0.001166056335070242,0.5575336260566974,0.12360432932219227,1083036078.3932402,2089101342.547231,2835015627.5183516
69,0.03469496253601823,2.2062533161618747,0.004174178892245594,0.42190752183080127,0.001,1240224257.290234,3489997994.525644,4944685880.885064
70,0.027499350524879475,2.030911251815642,0.001,0.001,0.06395638254879568,1022643142.3459225,1420420519.4163144,1646567437.8105845
71,0.001,1.583464769251728,0.001,0.18936709133455126,0.26004116911224684,1050451085.1324047,1810859971.7704663,2315389441.443589
72,0.011916910128629705,2.168157842416324,0.006391566756190767,0.3162669325021838,0.10255621812844615,1183870443.364258,2865943243.9087567,4158156037.6617837
73,0.045330002485929624,1.7364144512340272,0.009628024475164459,0.001,0.001,1021569978.92791,1385478176.6988242,1600181289.557785
74,0.017835374837375684,1.253068087492328,0.003083300480436331,0.702092336807139,0.0827166536380613,1365615835.47261,4143807998.1232905,5349323290.366175
75,0.009030598084349903,1.1227164417709963,0.0013204093532378424,0.4752115468111213,0.1770630327211572,1124568436.2836668,2738554453.3478975,4244475015.777358
76,0.007872659536660808,2.2576634238410804,0.001,0.5799076785491977,0.05172846070687009,1453976800.8648002,4488920506.900576,5854417589.397457
77,0.02662415479242871,1.3859967412508647,0.011985106648493206,0.13246037131004904,0.04584599309164311,1042206001.7697684,1615973814.8515136,1971705244.8263369
78,0.021940764603752657,0.9312670755523884,0.003977770714593843,0.9992394057005785,0.23917056610773207,1268546689.4526734,3828614172.691095,5001965378.007849
79,0.0001432860833290306,1.2836477939967659,0.005161878436832623,0.001,0.09057737800380965,1025045099.2423073,1443559208.4758277,1693745018.0295558
80,0.042827321594825066,1.1052645607010476,0.001,0.35185988764341625,0.08547102354784375,1069146302.1052791,2031823604.3242779,3350485418.8559365
81,0.020382584368288093,0.001,0.0040730435850926585,0.03668370812896882,0.24403784393309644,1029117316.6973422,1433233278.8289897,1715849775.9881773
82,0.04671313248025631,0.22680736821749048,0.004599644404932906,0.6510772035644796,0.17413790336900659,1094939227.4707055,2252451997.2646294,3311282017.108853
83,0.03135562820737136,2.058017133313509,0.003020948094472169,0.37837102556755375,0.03972719695730295,1205638660.590701,3227162688.316327,4488251947.224421
84,0.03884466153528137,0.5937144279592783,0.001,0.5364793239332365,0.06929217700646433,1123593771.5217428,2339184519.6224003,3537165664.610794
85,0.013200081032870032,3.662926265588711,0.005267970756959975,0.4327204521777319,0.22371041711291895,1435881147.9980676,4635439198.7052555,6114061116.567733
86,0.03351380638067813,0.2620137112493057,0.009630522315720026,0.37362870309147006,0.07151624280468678,1045558806.9526542,1743706335.8852224,2626563299.565963
87,0.0001988659773436291,0.001,0.002718009016792858,0.11347460142114665,0.011599926382983156,1028101233.8197579,1461900300.3152673,1757373202.8333302
88,0.008648921797980023,0.2942380435845844,0.00378633110941844,0.001,0.03974253297206089,1025529706.9744588,1404181448.409548,1612183906.6790903
89,0.007370696824252591,0.001,0.001,0.0921041684892476,0.1110508054938996,1026414674.4460328,1461034132.9070077,1769780530.2749448
90,0.008154839786254347,0.001,0.001,0.001,0.001,1019128702.9967328,1435676384.090736,1669697492.6128979
91,0.001,0.7349154441554568,0.0053095424664262245,0.0705087727982468,0.06627006619642878,1037373447.9454598,1446900057.6658683,1721531170.6429956
92,0.001,2.8596014292897824,0.011424893029902034,0.16256499487216144,0.12685529211414825,1079931553.8244016,1963501878.4122827,3055300731.2235327
93,0.03790523840220034,0.7871565938285341,0.0032013384123374304,0.5728190869928638,0.09162628177143126,1157206264.488447,2742890384.378408,3863093280.2296324
94,0.001,0.8756937961945656,0.0030348124426408506,0.5663479924270391,0.146905042756021,1144812571.1199887,2720703953.962817,4156683261.4201717
95,0.001,0.6726884038721206,0.010466305700735921,0.2919441115925124,0.06723440733790308,1075861485.7801318,1865773902.0063915,2409484528.6183205
96,0.03748727009192819,1.3545556881694905,0.0020036868036844343,0.6781109827988367,0.001,1275799148.9512563,3665163395.245207,5189493593.078576
97,0.001,4.28663762207411,0.005954129701216892,0.36202817399813364,0.34709106950625457,1426448418.583654,4597287407.3687,5740967614.837281
98,0.012550801400537596,3.5608621390209825,0.004315582534179175,0.30812509319065745,0.001,1319578734.5336623,3777015979.790259,5038457925.109112
99,0.02260130412492786,1.407384391678811,0.010905545516131808,0.5088196203971168,0.10558464716636941,1185205883.935731,3017009425.516027,4573664998.018535
100,0.0004386918226581306,3.5537952272283553,0.007161441919510292,0.13908085698573727,0.16771504789525266,1080073947.2048392,2059475100.56253,2862240067.4885607
101,0.048521412691171446,2.4712731244031207,0.0042526402751853105,0.35463017527653873,0.010178798852514825,1156400250.1647937,2823305813.351901,4054175054.9011936
102,0.029067234273263333,0.001,0.001,0.001,0.2921232954476091,1031027540.6567843,1434380197.1921625,1670510344.1427722
103,0.017189307472179283,0.9475929684866554,0.011644935156576192,0.001,0.3057705435432244,1014835052.4810808,1378536660.8859887,1626991195.8261461
104,0.04546933264815173,0.8889967597512161,0.00593338014672992,0.013483938344857505,0.04867468677512632,1021316289.1733336,1433145276.9980206,1654501990.2488756
105,0.030633426094870367,0.3545053306087229,0.009935114967775757,0.41437333307590707,0.08491477065321433,1075200036.168496,1976019934.3677883,2612822130.018981
106,0.016256774407257115,2.891745301019156,0.0083715881857196,0.001,0.2817822571798221,1017920667.5881417,1386280162.0374486,1665348178.9998312
107,0.021120142556127573,0.037767165740496544,0.0019247469164382055,0.001,0.12412674725472944,1027581724.5246838,1419552432.9838276,1658032091.0061195
108,0.001,2.859545087644652,0.0013009142413827916,0.14369590455258338,0.06525381450593873,1043003067.7410827,1832353968.0717874,2455417385.178324
109,0.06640968492917393,3.162171132517429,0.01778255946939501,0.001,0.19150885960523806,1018068695.9175042,1360564800.0149977,1550778454.5415409
110,0.034390168892016515,0.7415253531692192,0.0022122331422659383,0.6912624144770252,0.14913523669299358,1167863121.749022,2902271465.30953,4240589531.4354105
111,0.03945365568723847,3.845367290100257,0.0033998821810822264,0.49894701071600567,0.20675746290263355,1548575559.2053583,4896410564.691692,6055038166.454393
112,0.02270238388073917,2.2576813939819926,0.009695271757968308,0.6092825070105319,0.008724556924875643,1391506036.1994164,4351482660.283176,5498115239.247656
113,0.07323227021230105,1.6810724506922143,0.011954084877796794,0.7192239961971378,0.044538877136901224,1282455527.3621445,3764021655.3461275,5071285690.341144
114,0.0018550869165066992,0.001,0.0020485080202936705,0.42527785920900885,0.21020490570464537,1054039924.903922,1803720747.7641711,2464971677.123373
115,0.025157288170573316,2.068763705482999,0.001,0.001,0.20518852523244135,1017875379.2741543,1397836768.1703153,1622511197.8457727
116,0.026442570395887953,0.6661624668954376,0.006070422971060121,0.47926584865007077,0.13278184348185967,1121397387.1946793,2474789524.508306,3565421546.38315
117,0.001,3.0859970755806403,0.0011880106348978532,0.31884782596131594,0.20233804497526142,1269473197.4657857,3656336058.863613,4881646809.749854
118,0.030607902412055764,3.3967542350174433,0.011996754377492756,0.5770635089897727,0.07487210745381945,1595548587.8071663,5221943648.330059,6232998735.082329
119,0.029843418917661395,0.040133677569953674,0.01021718370845696,0.07289059277517215,0.07461034571278101,1032276179.1218488,1441215204.8973098,1714995632.5659556
120,0.01843324757134471,2.162675326384071,0.0006571750585643715,0.001,0.15581901318688224,1030340937.7748272,1445937417.9363341,1718665948.6690857
121,0.030320688766622503,1.031220289392748,0.001,0.5086014389494095,0.08423759362400088,1156897125.9860258,2756846867.359084,4035234014.909643
122,0.028402582374398088,2.5376829435037798,0.0025593785990856307,0.5487807305539039,0.10250720189509967,1522356386.4369326,4768839235.154359,6131013847.774952
123,0.017242337977309008,1.9935800871679459,0.012358645983150889,0.001,0.29515123023016576,1032144100.5753626,1415835431.758226,1614239730.6121318
124,0.001,0.6943796794579141,0.005385017397172224,0.4631719455572418,0.20428735796878206,1066893960.1225064,2180748443.0627756,3540335367.6517363
125,0.001,1.6019962074974774,0.012466488411645622,0.2989774430005092,0.18146359712280766,1111407659.8895354,2251793092.8985043,3193562271.1384745
126,0.015185599746859558,0.7425281151193751,0.011445100909497227,0.27111672609422904,0.1448008428930092,1044228236.8300698,1793922510.0922499,2545916052.9150043
127,0.02252925702101167,1.98632751952089,0.011478434648902957,0.1401856294236127,0.2768045007733637,1038516467.4327749,1668054729.574833,2062592208.2911625
128,0.032308831284885084,0.4427434901229583,0.0028292341531610653,0.2551023425258033,0.15346286069167986,1016606328.1595296,1589125030.8228137,2045284343.0164375
129,0.023381868509123504,0.001,0.008128264012216413,0.2703389989024432,0.001,1029282418.9206958,1574339994.5714016,1900412619.531021
130,0.001,1.1407207512709658,0.001,0.23287445605262538,0.23625016720502512,1054874110.3775755,1832141419.5508416,2604512037.0056343
131,0.028388027775484506,2.7183295281128084,0.001,0.1779169076393765,0.11806227573485176,1084510949.6787171,2012997902.618329,2874229735.979343
132,0.001,1.505238051115395,0.00822509777872113,0.35006666405384185,0.27360938553704867,1134939684.069091,2457867518.6973534,3951848060.406853
133,0.019874492573877828,0.7839036885990817,0.005151645178266591,0.11794997841490398,0.1803071055626964,1036792700.5236582,1535817341.9100184,1857234791.1917648
134,0.018711402698476244,0.001,0.004793683621736442,0.37798260565830005,0.001,1036012803.6196201,1696191126.8215303,2098958030.832457
135,0.015353286882664506,2.5667033349391772,0.012002392165725694,0.001,0.07866418113751313,1025330752.2215626,1395973713.4804153,1620758244.1166153
136,0.016896558907967367,1.4865831838585666,0.001,0.2242716741609544,0.15344258450277687,1074226187.020961,1922156629.6427333,2556590397.069909
137,0.046239790714354606,2.8062656305115117,0.006149412415495389,0.001,0.09053613124135702,1020764763.0526179,1436760393.2434697,1601631850.896645
138,0.04242937895142802,1.2488596029145687,0.00037992065200244656,0.20762139287001147,0.06034086680657056,1066042588.5055077,1850096587.3433857,2321374375.17029
139,0.03135850074940664,2.545111217871503,0.0037017624802055766,0.001,0.22970230609708756,1024245310.7954859,1430487089.139751,1592306175.1464272
140,0.004898930347404538,0.001,0.0037040140396251307,0.001,0.21858924431404858,1020889756.7297746,1398772942.670209,1656992353.4790025
141,0.030834825358083094,0.4916992603006225,0.0040529608765045265,0.0034075249298679,0.001,1017678498.1720924,1423257108.72358,1629989349.411727
142,0.023544927544138908,1.7168085318862485,0.001,0.3675602618257835,0.21300016666269314,1136838389.601253,2592715579.1824107,4330339366.492449
143,0.024532616294130064,0.2778178151511619,0.006732088368929227,0.8395126833325535,0.22947279545207297,1138067516.977447,2633671053.658164,4053677151.540884
144,0.041798474040689336,1.9500488440154284,0.0035944375817248643,0.3831324364288211,0.16040655582685076,1207920591.6641746,2936053277.7987623,4377891646.328238
145,0.001,2.023070935538637,0.001,0.5698510516421937,0.20772254385688355,1357859272.7119105,4310817139.420601,5692787605.566528
146,0.023729481881282356,1.8685869148758276,0.003071815791030631,0.16174244169403235,0.1349024346312083,1053413700.3095368,1750938823.1621957,2173624957.2664576
147,0.05576944268846891,1.7634684634271394,0.01356052640364062,0.001,0.13334462064295993,1035142808.5932356,1413929519.0996027,1587578173.129396
148,0.001,4.723548384815144,0.001,0.001,0.1280011105338141,1039251258.1350507,1439574591.967941,1658897019.9978123
149,0.020964738031756247,2.815259718316991,0.001,0.5829606448106037,0.21165145593960552,1501364826.886372,4897823784.6754875,6091202998.47844
150,0.0614382151763533,0.001,0.001,0.001,0.12652155943376397,1031820888.2716684,1417477308.9835484,1698171849.4600072
151,0.013224980572708978,3.688824267394531,0.005350534480428058,0.18631066498979715,0.001,1099146575.458022,2304458423.4476533,3201771461.6703796
152,0.05700653353751908,0.7164577612864196,0.008759722566717424,0.28616452822100796,0.21252686024457146,1030882400.6206422,1687385145.9923353,2351931965.9217525
153,0.046728794420345776,1.895795972675692,0.005230346525262327,0.5652711187243594,0.18185231096359147,1294402977.3232462,3906950807.7198925,5216391846.823162
154,0.0014488002552139369,0.5896592521778622,0.001,0.2995546808459552,0.14687920294267168,1050471841.9432362,1778501857.6019354,2362249479.8787394
155,0.002740708029136129,0.8687881731301932,0.001779175483952037,0.001,0.001,1021049629.9265065,1422842224.2513628,1628308933.0624313
156,0.001,0.9609006037767125,0.004897582060731096,0.6484247793484785,0.05948023151305408,1205049121.5512311,3078547702.1029687,4560268564.755571
157,0.022576385828260007,1.2893550990548737,0.001,0.001,0.20368415555399436,1034904131.8916594,1434673388.8492274,1605003623.6206799
158,0.02591170670056971,2.8293001403072204,0.0014002133115068672,0.48645481379891276,0.021536833688996213,1433605775.3555813,4385111268.138259,5916424619.871414
159,0.05597442893487753,0.8922743133457738,0.007914799990335484,0.001,0.18855391742308922,1014242460.63288,1401643128.5336556,1635465429.507772
160,0.0021333689045889073,0.4075232891215079,0.001,0.07664490877114077,0.0734720664806169,1043892154.0241268,1491528233.9027576,1763097160.638244
161,0.001,0.2810381192945961,0.007053611555899789,0.001,0.25849136883144297,1024644872.9482155,1421303428.2932477,1753562831.4882438
162,0.0022531403481395075,0.001,0.004563720375496102,0.48774769189464895,0.1852950006690673,1073431548.1833361,1865569714.6567218,2382281569.823121
163,0.0141351869561268,0.001,0.001,0.001,0.18314436140850193,1029393450.8280009,1403217246.510338,1727979559.426351
164,0.025129213993549816,3.2636981192637617,0.004077487457944513,0.37039897319462345,0.23376998166831828,1360465849.5706081,3973550801.4146357,5229831895.906914
165,0.03098765424152777,2.776025130066645,0.004631945646366607,0.7227847330684525,0.029661566700517464,1662614439.9315064,5237213007.931652,6190012174.156534
166,0.001,1.251958060252405,0.0016829895077178124,0.6415680171679274,0.001,1292229911.257538,3512912824.272817,4740696390.1938305
167,0.01683466368319212,0.001,0.001,0.7087299318098862,0.19810611972153375,1078157070.6718853,2128293512.5880048,2883190523.4688826
168,0.006903572800490084,5.909249836076621,0.013524031916394313,0.4825851845156979,0.03397681490046635,2216494261.9454374,6301086808.1505165,6910776087.964606
169,0.02212533884368932,0.001,0.0015361390366014005,0.010199471443970376,0.32803676888805433,1016177786.6302717,1416885063.7027411,1708491321.1331117
170,0.011975440418913354,0.8424375855450408,0.0007526517327561336,0.30370379518836904,0.04289420383657379,1056759589.8114688,1919530376.832029,2721831503.8262525
171,0.03618748392772915,0.13849240408413244,0.0036728409516401817,0.001,0.09220980463747676,1030217022.2364486,1433167721.400178,1605779706.0967655
172,0.0457063196004021,0.6200968260733238,0.002408652086540686,0.015320665604460382,0.022455410829135533,1009446897.3001813,1375600389.3792272,1651041805.4904687
173,0.02947480869046501,0.5637555473462579,0.007453796785098777,0.3287591804465937,0.23265705901168857,1063629179.9462818,1836842187.025129,2394069935.6698875
174,0.008578576058465133,0.001,0.0009866137486114132,0.001,0.001,1029674859.1321785,1468227844.4810503,1669099556.83
175,0.04251487525034514,2.346758348096806,0.007691581090621064,0.15326413233337835,0.0944830306551093,1043491473.075291,1725182360.9660661,2117500831.5064716
176,0.03502698376751241,1.1798379995774733,0.0060282243130861295,0.23158058136871362,0.16424583154606276,1030937129.9013501,1768917176.1102414,2316299007.3458138
177,0.021512518658258414,3.0213941287997352,0.0031123865396810555,0.307665427800829,0.2118467547718321,1199958817.3699234,2861532104.7861066,4369885250.290882
178,0.040977574185592794,2.22540918947544,0.012308188512436742,0.3674267340487074,0.03411519192976824,1229007289.80089,3111645238.7770596,4499998339.766796
179,0.015034530438444445,2.00752659038982,0.005154203579119131,0.16941653109465557,0.001,1052058239.6911803,1802898582.8694313,2411180977.990156
180,0.001,0.001,0.011872750985038684,0.001,0.001,1032608652.2351447,1408854856.689817,1741799232.3517685
181,0.019736891140970377,0.9102570887139496,0.01097602001718219,0.001,0.20908657007152553,1024817306.9390855,1391030625.1916022,1618804010.0073225
182,0.004446486120549566,2.3362117376578064,0.00032131698170338816,0.4621361688205906,0.05825754349432921,1335499181.015721,3987533076.583926,5391701553.537287
183,0.001,3.4814943451111438,0.00832162727882114,0.643254006013775,0.2800008296170071,1836208900.614405,5755805052.989279,6591807683.3379345
184,0.03373803818003549,0.5895890810934554,0.001,0.756207336766954,0.21374999789962645,1171293399.814587,2948383265.5195622,4633490692.624233
185,0.011655866042401153,0.001,0.0006992557189445534,0.7658909006268181,0.1544257261485922,1107822587.004444,2381895792.0122347,3081552552.7128344
186,0.049620461660541196,2.062006232157582,0.003977471369516826,0.001,0.0784739434267982,1031271327.4580942,1454242720.5036137,1744087374.1720753
187,0.001,3.6531930517329174,0.0017161557221718289,0.001,0.059139973167218564,1019746130.2509055,1398652388.5843754,1582310443.1510735
188,0.001,0.001,0.011561238295581453,0.21409233553063295,0.12067465611912383,1032729003.5711633,1536568343.7160926,1825498138.0861387
189,0.009822349275531479,2.9472658851277025,0.001,0.6218662370234334,0.022177717144085965,1617240496.9178216,5131957298.944719,6306209170.564941
190,0.048405357791308154,2.1980294263817486,0.008442876827379962,0.001,0.014185811003272916,1028157748.7228056,1426608233.67863,1614716407.3947792
191,0.05304638011443384,5.3956377123232,0.011703825678560858,0.5193000855623231,0.10805958585916567,1889339774.9276342,5681416864.197486,6531940916.4933815
192,0.014631371386012313,0.001,0.009958790101481629,0.029085121521911173,0.003993321867896277,1022854287.3166525,1410020029.231254,1669027358.9355314
193,0.04224339866727579,1.857581857829584,0.011353491826770888,0.05020984141406479,0.09699314270538698,1030671104.5338293,1449243414.2876477,1655711698.0431392
194,0.028512006935592596,2.6398197815862208,0.008512297754938225,0.001,0.007332791387891571,1028252270.2396983,1404771034.4489965,1671948648.2613816
195,0.08050817785461868,3.412718777628248,0.004852033464879015,0.05538777126167216,0.2570650314847638,1023788100.5098553,1440340899.7378144,1656108457.518808
196,0.03963972609462128,1.590120660182842,0.001,0.5329393493041027,0.19326393949648862,1203613011.369675,3287768988.093471,4645154280.042284
197,0.055519025326375204,1.8677884417547213,0.00012102168581094083,0.2162100415812679,0.0118030469678016,1076327286.8775592,1956834920.5782273,2781104951.9443693
198,0.029039712927220875,2.138158072061403,0.00515421202142089,0.16478813303650164,0.14311029551688048,1059906231.7016902,1816069881.0372252,2444072960.097758
199,0.005389805276992817,2.144319477294366,0.011849231826361432,0.27536880145565945,0.16001690191106444,1187600068.453572,2653060293.138227,4129229327.602725
200,0.001,0.001,0.0017447275173843525,0.1978613289064985,0.2919136121181777,1035487858.0002062,1523358469.0945125,1774432833.4868765
201,0.05140762831997567,2.963697287189999,0.0021447636286948493,0.37340416922119585,0.05540053935212273,1255999845.5130198,3419501808.553225,4572376841.822808
202,0.022464150422282676,3.9000380705898534,0.0011906832397198621,0.6110238396184968,0.3172689980821214,1788224901.8144257,5471384713.414447,6456609225.454314
203,0.02046893360000679,3.9382451833714818,0.0034936146245321768,0.7787062796924048,0.311701864696058,1998967238.0312536,6103179517.983349,6852051679.0369
204,0.001,1.7600762540018973,0.005589212877048428,0.001,0.19522956363932115,1031975097.8938098,1463513971.4560373,1709018596.427608
205,0.05173399136926635,1.7837713102747552,0.001,0.08657295806180773,0.17899267686398687,1026313090.2432302,1526614414.0369623,1930638608.6484368
206,0.025801281705909458,3.2030732820205303,0.001,0.8763072374901522,0.042031990922510865,1963022068.7591588,5944741871.939564,6949825997.886051
207,0.001,0.3098367450641142,0.00801862978442596,1.0545793154039524,0.17222912852256578,1207830415.2232325,3227469687.879504,4382993364.95108
208,0.001,0.3024246442857492,0.001,0.5090200680310283,0.25805584795541536,1087318401.1012332,2075974565.5917068,3155839483.931097
209,0.041121102821529615,1.1395297492802376,0.005707387999410896,0.6150278951488443,0.04795916632989249,1176785091.1585553,3051668682.398877,4584064428.629385
210,0.001,1.2313478782322678,0.0032747427656853673,0.3491894372546114,0.07063755964333363,1106496728.6855652,2289737147.086743,3591817025.1777725
211,0.001,2.443160042429188,0.006340546964887452,0.001,0.06677333021418055,1024900881.3789636,1438503282.5807397,1679077856.8643363
212,0.02540448015216587,0.023288875040458956,0.001620072886600904,0.4959828455830456,0.26914871593674927,1043966334.1539397,1837215947.6043267,2637800074.246723
213,0.05474219871358353,0.001,0.0010490937881569018,0.31194490307523765,0.03876681203919209,1027905739.399836,1612539370.3608882,2087997937.9623604
214,0.0233677309908544,0.7441005905615423,0.001,0.45099749792667654,0.016489114143238226,1110723878.580924,2227351707.8828096,3258293567.924668
215,0.04712557651942245,2.2500639377958676,0.007098452666965198,0.5226901366370618,0.1130232015608047,1274094126.2890809,3493145084.072749,5296467366.797171
216,0.04452344401492041,1.9668001010772285,0.007652422332032081,0.17214447761795104,0.0907007800932309,1041596644.3735793,1768823418.2353115,2205194741.82689
217,0.00017867595322850968,2.0399238621300815,0.0025350608445851627,0.010832507565328608,0.17219840287976898,1018398365.362666,1416913015.3341436,1641813177.1389825
218,0.001,1.3686432175221497,0.00046806344006305924,0.001,0.1626931374345934,1027636316.4781849,1444106098.226441,1769456847.337864
219,0.001,2.3962461829205646,0.01167134436891848,0.6465884201074681,0.001,1510581976.8945549,5226907611.984339,6323300735.779109
220,0.05076028916267515,0.38185459517329323,0.0017945790186079395,0.08302843777530727,0.001,1032202922.637933,1476618009.2680688,1691717138.1588125
221,0.04079439684304999,3.4564077536734903,0.016278103218100387,0.24614228378757458,0.26521531733252895,1137941108.2815912,2450404695.4943504,3698315066.5706162
222,0.014506466840849209,3.0817251422926577,0.0034623478364257327,0.7287620215226234,0.1488556272441407,1858636959.3252816,5870148646.867342,6746670956.512265
223,0.009616868168669189,3.358186712662889,0.011187788212517277,1.2494337804984672,0.18883929971627714,2260348437.845064,6533489704.244664,7207464942.502758
224,0.05180927130534621,0.001,0.009013353120712973,0.4769106437810283,0.009937415888569917,1057572948.6811957,1756468479.0321622,2470533759.0488853
225,0.0007329282507070045,2.936044517374725,0.008252192566560429,0.010269726318072658,0.18591890170872769,1010047826.1578149,1379096433.5881176,1646172335.881661
226,0.031619687711285316,2.0494543983092273,0.0136314925020967,0.5678657012544632,0.30035670616457066,1307306476.4759903,3729715194.9563646,5439313360.540141
227,0.0380705877082284,2.5329760956023772,0.007360919735705197,0.15225442237662704,0.09478355927251195,1070421652.379598,1805650858.2721426,2507422429.6853895
228,0.02904934387194475,2.2943921484840577,0.001,0.7507765988250181,0.0204184276906417,1626600856.5136695,5100345161.299912,6387887932.712875
229,0.003895991263688458,2.0187706162120915,0.0066773084067663635,0.01882730610722999,0.21823485219300434,1039576919.5861923,1434263578.232925,1670865344.6527107
230,0.025618652086788256,2.12535091073556,0.007650152083155675,0.001,0.22362117306804746,1029463659.4943643,1428912061.1646817,1676629876.8008332
231,0.0015768140079338439,0.001,0.0018111643962013774,0.6061147403670399,0.07524035695003843,1072249625.3888242,1995721359.0002894,2714261229.6358957
232,0.05792426636280176,3.2958797052174553,0.010111321427210575,0.324422242896521,0.40947088841715895,1198586573.3779283,2860339845.527988,4132487822.346741
233,0.018195226996200978,3.1261905082778148,0.0041935242471431225,0.3374503307818576,0.2976735054003562,1200418985.368134,3092066985.0665646,4717005401.912885
234,0.03591842179697494,1.164616035091152,0.006077144156039059,0.12788030899298214,0.17840660560793076,1035621468.5351853,1546860768.6053426,1930345673.8093882
235,0.0027943896403726624,2.796655019976768,0.001,0.001,0.05737724911628726,1005754705.9589218,1417815413.877883,1585090346.7185163
236,0.012217130273227014,1.1403531168713206,2.3652322774255115e-05,0.4700529217420195,0.15330026238836356,1185646587.8289294,2796364186.823689,4127686888.6667743
237,0.02166368722914425,2.3169685486165306,0.008300615449740822,0.001,0.2271482211436403,1015081033.070401,1369752694.2673142,1558016225.768649
238,0.03834037519516669,0.001,0.006172401361579817,1.2030491760086943,0.011263970455582709,1121334971.3902342,2521479452.835561,3930534380.5889916
239,0.001,2.805803290678902,0.005758451124635902,0.41480758633013043,0.09905875683279236,1356935199.9776957,4062768760.7744055,5763640036.9248495
240,0.038087357346310566,0.8563747798285127,0.0054062400623547105,0.4551569062608944,0.1067572878968098,1105032736.006059,2366700985.2318068,3340438005.829335
241,0.02356365328673916,2.0505283891056054,0.005188658772171214,0.27065632102311366,0.24492401107858866,1096434051.1827364,2241386680.6576176,3063767250.57815
242,0.0018170800907291763,2.162658892488981,0.008027855270384137,0.2883695603782077,0.16521463548003817,1146180792.4749773,2635774356.9451857,4257103374.443738
243,0.001,1.0763900837041307,0.001,0.3649257085299698,0.001,1098025268.0031073,2142254548.9409509,2964058830.9629893
244,0.001,0.001,0.0013136011290234189,0.001,0.09317525121996952,1027569686.0248309,1462607116.8140912,1722471830.315256
245,0.030800499303882484,2.1123195989568178,0.00984455956356817,0.7722394544758,0.057681987254917876,1492641406.8154583,4876394700.250216,6152594658.884499
246,0.001,1.2916309194999,0.0062330328877602155,0.06854231124888233,0.14529322444548934,1027604383.1472452,1473326955.9603941,1710540859.8212314
247,0.0037291922584004704,0.049810442971025104,0.0015671394580604242,0.6353535173137657,0.12683273188618147,1059951622.5615327,2007096975.2869132,2844594527.7559843
248,0.010331711697929702,2.001668134367494,0.0025929906358360877,0.4032309685020572,0.14301824433338395,1205955619.364476,3043121575.698265,4219190851.593336
249,0.0029614520180311216,4.262060309484863,0.005257155090603193,0.001,0.16715572066619855,1024164116.5814654,1434497515.2548752,1633170498.295517
250,0.04097727263276857,1.1938783596218077,0.009998140345804497,0.4737305624614091,0.03920232959031905,1176431101.9357116,2759261223.2033153,4020682957.2698765
251,0.020284384530374153,2.7416819805183805,0.013237938718485151,0.001,0.13227414295158113,1027965860.3012611,1391334245.04142,1587913588.1812887
252,0.017411118892691,1.6171596163986135,0.0033444090732504465,0.18182567116216172,0.18469744764634585,1031598141.877841,1733225156.5862434,2220325025.9359426
253,0.007288414017244336,1.1628995689488282,0.005000534474018644,0.41240808918284827,0.18504655223485839,1136188516.6582808,2540008946.392501,3587979923.4855957
254,0.06412841549794021,3.583535817934002,0.006247483770712169,0.5113774723124964,0.10954093765414491,1531121152.6438339,4631963583.732418,6016219091.289276
255,0.007264692303646507,0.001,0.001,0.001,0.001,1028382480.8227518,1444387426.233739,1695682710.5028622
256,0.026590312664323726,0.78477501920473,0.001,0.43595127054071187,0.16454532501771563,1094638414.9215288,2127963028.500507,3691700709.4104824
257,0.015205900988062534,3.4156778010872957,0.001,0.323207533985992,0.17719882517618152,1326353838.2180977,3796094192.2208195,5151040981.810762
258,0.000603159872653216,3.374861915981002,0.0056123766056017,0.001,0.05858830744740466,1020152662.6339036,1436743228.4742885,1672757671.912139
259,0.01671019331027485,2.181561338315353,0.0033029801634350785,0.23311806584556855,0.001,1076085314.5900052,2134626660.8115373,3192195450.3044863
260,0.060295769795242926,1.843384913078021,0.0013003798164743928,0.5839273371781648,0.001,1233219555.1598678,3474810975.4603496,5007385753.735285
261,0.03229360854419487,4.562575813729049,0.006947117262897138,0.6780383024146485,0.001,1994674742.1218693,6015740250.941438,6696888182.500292
262,0.021475278904021743,0.38126406694391957,0.001836532975726684,0.001,0.03382473049719377,1036316911.1547811,1468583162.262289,1702249713.731673
263,0.008988052819274974,2.4730573054125378,0.010828302843555272,0.44254674771120633,0.001,1375156906.986102,4028956872.0586386,5414269106.038264
264,0.023439964056577174,4.087725252810609,0.004492666945871851,0.06828211452834229,0.02737465696480633,1032528132.5914956,1590555985.440367,1878550079.3467398
265,0.040666223083852066,1.023344174702835,0.004598729287035556,0.6897792648841805,0.001,1235454890.57802,3460523314.7378387,4680423723.046981
266,0.01927977067872153,2.943570634691214,0.005959880830046195,0.23246360923065118,0.14908952548884408,1117625306.482389,2317725160.878237,3839147843.0472145
267,0.02450914218992363,0.8741339291003571,0.008878161525408648,0.15880224660015202,0.001,1028558137.0939388,1567539313.3583503,1933375728.0034971
268,0.0019897292979358557,1.394060064593471,0.007214961689146931,0.5154741126125303,0.001,1177682192.8362792,2958943709.020579,4513559274.745779
269,0.0059163019029083615,2.1930766734511478,0.0023147449114081287,0.21288731867025912,0.001,1089923561.3323932,2089002684.6700485,3227303347.322737
270,0.0402289414541891,1.8546876533038188,0.005373697714977107,0.8076505258118394,0.07694689159165749,1427441038.6647127,4595940640.841742,6021624542.597283
271,0.01693131789431201,3.2768825886506967,0.007147564503183252,0.24106975271610082,0.06058854035075068,1194672745.8160088,2761714086.9240966,4094837681.9283295
272,0.01086880405766916,0.6867419675287911,0.001,0.7010581448122895,0.19879231922499843,1139131742.5426545,2792258529.0684004,4208027007.18963
273,0.001,0.8605375015064282,0.002776958769774436,0.31628853667499895,0.017699262692408763,1062548900.308351,1985358377.9696894,2567634645.4761724
274,0.036952691438405176,2.089641447872599,0.0016097377830699426,0.001,0.17297957884916093,1022326018.4287759,1402887440.6381755,1554358351.3625453
275,0.013637308824688915,2.700780050756025,0.002225876454642616,0.4288949008816664,0.1700179189739031,1393586567.627051,4091523230.0795765,5493226673.047556
276,0.012819236224595996,4.201062848901648,0.00841636407608943,0.5923663370505615,0.09774164869084258,1898791643.2227752,5786179215.930658,7044954633.265051
277,0.010920547210803827,4.664928648655062,0.009307557543236717,0.001,0.18677104208433792,1029217707.8298814,1381941873.5262046,1537229869.2749188
278,0.008954979276269284,2.800364345825511,0.006236803834479095,0.15845200481958313,0.2565062650809992,1063229965.8098093,1850484421.03349,2792913516.291069
279,0.012754360813463192,1.3641705035875575,0.017920047768009827,0.001,0.2077817377089675,1031088723.2961271,1417546457.791998,1616094340.7578642
280,0.03312676074985283,5.31391685137428,0.001,0.001,0.0923407691341825,1033091254.3170695,1437577869.694209,1660245035.3497932
281,0.04961793911412819,0.49079849141499254,0.001,0.35049373226239255,0.16721000039389927,1067700091.1984468,1835432851.5951638,2500921694.690771
282,0.015228898099803413,3.1488690108689585,0.0011541398256345189,0.006811191664994221,0.04377631233218159,1021719874.6917654,1426774522.219463,1620167300.7719822
283,0.001,0.1424797486422662,0.003919372534749368,0.6644451068423312,0.001,1083211534.7005293,2099160077.284232,3305187275.3798776
284,0.002743430352177164,0.9311534604544079,0.008297189806663285,0.001,0.045027745589258865,1023856182.6875945,1417770174.9687018,1597339231.2561874
285,0.009918307842986284,0.001,0.001,0.11955337174605027,0.001,1034788044.4911547,1453191385.1049283,1751950926.7899148
286,0.05096040975202148,0.12164477274229579,0.015271255336824607,0.211283932659534,0.10581892041765491,1043308740.8014207,1562233293.4288034,1923653105.3520234
287,0.023290145322098655,2.6714124457760438,0.007129844496536406,0.001,0.07522895955352864,1028872969.3286122,1438280497.48258,1644039034.029811
288,0.07904605309552158,0.001,0.0010663657230808588,0.001,0.05717747724269284,1017882427.0467045,1420205122.694767,1612445771.8231816
289,0.001,0.2100739104993503,0.001,0.28556167944395483,0.1835178754830777,1025263516.5584615,1681791979.8032665,2102825349.4262078
290,0.0065682342623596505,2.4621373065137044,0.005065747308593553,0.001,0.20919517530150084,1021123782.4750638,1410074582.511673,1653800999.0461173
291,0.0653273259034579,1.3626660196037654,0.0015551278451107738,0.21363080033919113,0.21076957194540102,1054889147.6347516,1737488058.3572998,2357582133.822903
292,0.0219361176878339,4.449490266700188,0.0019097315679750117,0.5670898043068456,0.10614507793355966,1813078081.1529856,5749615687.8432045,6603936155.618965
293,0.0372275521770986,0.3793130646956633,0.008221420044957524,0.5696386576618719,0.13461748359802206,1082798553.83095,2228399422.0207963,2939682547.81408
294,0.001,0.001,0.0068923494243677205,0.3243069439245206,0.05495374985781182,1047646919.408635,1674784200.3862903,2021834049.4841883
295,0.009408212184641322,0.7623138623596829,0.01139062122272502,0.9914673483072194,0.001,1246214421.5505426,3599128582.753896,5152529684.98315
296,0.004444005021618297,3.1256207406269754,0.0015345814768121168,0.14732080190233462,0.001,1072499294.9292407,2022608447.5818267,3180977534.3510427
297,0.020972059714541157,0.433263462217939,0.001,0.36637367294737117,0.0815010527385621,1047389811.4470251,1833073634.4883053,2417114097.6628246
298,0.001,2.861482785532958,0.001,0.21710703418639965,0.009397448807288933,1153051084.3949447,2566436327.102481,3823881732.69771
299,0.012843738440006112,0.001,0.006290983820696927,0.5894262693919591,0.03158897420335503,1083079644.6525555,2032498808.3843226,2922821192.717917
300,0.029262502101261093,1.7520793616958832,0.006602381885917443,0.14798220016956562,0.16785489018553282,1011416043.7908287,1610236275.0435197,2050910663.2535813
301,0.021875209437058146,1.0029986998566924,0.001,0.3175511402006514,0.08820609081367706,1107815420.9716253,2097846320.7261274,3000233224.0943766
302,0.025988194691885486,3.1136462374418437,0.0017512857182731662,0.001,0.12103542141325241,1023352832.3584924,1407668894.1102722,1643173746.4698691
303,0.001,2.0640080737110686,0.001,0.3169563748526007,0.001,1159601804.0092769,2838317528.0172977,4240111651.9336987
304,0.031272236606084775,0.001,0.011510368391950269,0.020073174406943117,0.10489708287712904,1010982969.9003725,1384344730.0017078,1560547485.2590017
305,0.04263304691825507,3.1522001218234,0.010704215351374727,0.001,0.17301923506532613,1026806115.9397335,1393713329.147134,1619431925.8207915
306,0.001,1.766604899414637,0.013904210292007366,0.3716890312697189,0.0714670228316823,1129180753.379232,2564604796.5161533,4023192609.222965
307,0.02127914160251194,1.9663331712309515,0.001,0.6968863204563815,0.053314509769414334,1580896777.037976,4944037938.055356,6045115555.483229
308,0.003292965893031699,1.9110370968971417,0.003300470050145458,0.5523857926086799,0.05773044079228453,1409618745.8381526,4392062849.585886,5675325874.923976
309,0.001,1.9369228980144455,0.006842052749597854,0.05430106964745901,0.08798282713388025,1016211254.3733691,1440037310.272287,1700840568.56956
310,0.006089624284575308,0.8998559333714875,0.009668046159897699,0.29793601557477595,0.05314458649974379,1082928829.4675212,1973816508.3105927,2990015678.8068676
311,0.001,0.8848554829752975,0.00041216922437939917,0.4741025119825117,0.20968825665015212,1129041716.9614851,2526262280.71396,4141718021.4684405
312,0.027127132601966187,0.3852258442461616,0.006847089660220946,0.27331931245224966,0.001,1045268042.8375793,1673760000.620504,2256706629.036877
313,0.039525376930338536,0.9940698694474146,0.001,0.0993186650435969,0.16077646597189624,1030507253.1810908,1490429256.6951947,1735738621.0227923
314,0.030222215056932865,1.2429330039500108,0.0029807107439131448,0.30285842355967557,0.001,1064251877.421914,2082805762.9495974,3138322625.7834187
315,0.001,0.001,0.003541643980269923,0.001,0.0750164260316416,1032930837.1767135,1472035133.2187717,1721268958.9576876
316,0.05688018202371187,0.13414916962341916,0.001,0.1181542107981047,0.13028447161274664,1031022770.6958271,1467615097.5267954,1808986249.4671528
317,0.03867763809927533,1.276735257742379,0.0030779441564469227,0.04182446839245979,0.001,1032359121.3303185,1442719539.1158667,1702128277.9857404
318,0.001,2.9373278823805706,0.008049346624169928,0.001,0.030928188710253976,1016420446.7997319,1424206210.889433,1648111349.2547615
319,0.04175704919158099,1.8853216852529855,0.001,0.001,0.20551208781748306,1032790873.6193794,1423942788.4148207,1662431073.8312314
320,0.042628767541069826,0.796708951744453,0.007893220395704762,0.952519644704032,0.09878890534305264,1274062158.0282633,3561834038.1141005,5410263508.471082
321,0.031674677213231923,2.39035006290331,0.005959940942320858,0.001,0.1503457430561518,1021718301.821621,1389931709.256126,1600179524.4883466
322,0.0346145773470201,5.5343855877507435,0.001955164457651303,0.3358984384178564,0.001543073087714203,1543915465.0373125,4774368130.916596,5880746570.81889
323,0.001,1.2223664337060587,0.008516891737549565,0.6867272888623994,0.13462744163787504,1338133326.9065309,3962374332.4170175,5189968427.553311
324,0.001,2.134319487673257,0.0094990778364923,0.20642968677275392,0.16573285516201008,1076392491.3985417,2097077758.9767013,3050403432.388735
325,0.00960094420550089,1.6939024362307897,0.006983909726558964,0.43452559870726637,0.1812186095185936,1167273111.4623923,2929295241.329297,4169708786.24329
326,0.028773499812201588,1.700271991138496,0.001,0.8380736801747835,0.001,1467112881.4137259,4917907807.312663,6272618160.548321
327,0.001,3.367025281422574,0.00985933059124773,0.001,0.001,1024737715.6638781,1385045007.6645184,1606983177.1247418
328,0.01966267132720675,2.7462343354046905,0.003928318274914907,0.27719500935294106,0.001,1191726597.36919,2731180686.999053,3904485163.1734943
329,0.02701913338251217,1.8579410897465154,0.012825933510727291,0.18810376201111056,0.04814216046400104,1078623458.7306316,1918918832.1107562,2332747730.5313287
330,0.03795789176420249,0.001,0.004730004303224682,0.1260546887681997,0.19049451587114485,1026653249.5063318,1462477895.9991145,1731827657.05337
331,0.06192781977524894,3.204101941936501,0.013098693916698215,0.5150534878975903,0.12280069434734942,1466409861.1498995,4385896792.667848,5504203203.232928
332,0.035104774715897895,0.3655309382698533,0.0020418601678632263,0.2594022828083662,0.001,1039928237.2200787,1695147025.3336945,2134450994.6547017
333,0.021944170116367016,1.8351343149191641,0.009147805768974721,0.30554250810366096,0.02418476863298638,1116639747.7663255,2395030267.069234,3660290667.4178786
334,0.02078507467405096,2.222579024280096,0.010641135757601367,0.30589457012328464,0.001,1136096481.3235936,2525547148.668062,3575694739.8229427
335,0.03974003740157166,0.001,0.0019383971309947117,0.46152790446471914,0.07326263234016799,1060619532.7278423,1850031193.6587946,2520686721.5855727
336,0.06966002842048521,3.353385294647569,0.0022971635572897682,0.001,0.16145571726268365,1029110039.5995739,1406839549.3956232,1619365103.991969
337,0.014915532589545921,2.2766814729875335,0.005599519393429236,0.01163990122927433,0.19884669208780872,1024739834.3428751,1419311967.0843835,1561684018.574625
338,0.023548258991900523,2.4299839315910345,0.00584687333370816,0.7413431862474278,0.1647054108199058,1623898576.108544,5246878973.128927,6281903520.491959
339,0.015541102206961295,0.001,0.0050460837607448905,0.5689805871903861,0.27614561162367846,1049800169.4857253,1819628188.739885,2407367037.9150634
340,0.012408825168253961,1.8640029065235364,0.0019473471512921588,0.3859529273786958,0.001,1210721698.4512548,3112061528.3933754,4789186915.024016
341,0.01609747518570948,2.6011813928107053,0.005942398167331285,0.5088304837808415,0.001,1405374484.7961717,4426418841.201206,5606942611.512303
342,0.001,1.0059415363138626,0.007964286370972802,0.24890650657019772,0.05986747628917364,1065578952.9720097,1889592862.3675935,2681494321.251474
343,0.001,3.5279143075813137,0.006899300423300367,0.5796744248260293,0.001,1749448024.7399602,5577256785.3436365,6611854920.933508
344,0.001,2.7572852666164107,0.001,0.4790461825080715,0.09506080028839226,1474417822.6713178,4547193734.747364,5914186236.348388
345,0.007297434100052954,2.1022549369537833,0.006974454983147311,0.001,0.001,1028123967.8893049,1424132434.3725,1662890506.756772
346,0.009414805649498908,1.0334154309607182,0.012464112719023422,0.5261105129948157,0.021777099977722453,1148270835.287751,2790478972.2691708,4226895654.0434217
347,0.006118471239336728,0.5035313970330556,0.010140549987646557,0.06619388149165759,0.26783472365764427,1030831030.2951441,1442846707.8478436,1667731381.1790822
348,0.030617110891078506,2.5521368479380158,0.001,0.35647465382379595,0.2241309932393384,1199478890.589367,2909949186.544548,4409511182.652033
349,0.001,5.3838398423139955,0.0015657695947264914,0.3044756675608349,0.09586925722683784,1550079811.6407022,4817679528.261484,5957775822.278353
350,0.018379339829365935,2.768005380738265,0.012413914831081922,0.6532194120766752,0.11885545358262381,1704410875.0597293,5397481750.716606,6426922550.864761
351,0.027087682635605365,1.6934086552296392,0.00912197470000944,0.1897052685122127,0.001,1052701497.0877842,1801427611.9953601,2214241503.4245787
352,0.022582684899427406,0.001,0.0029945931105980375,0.49024013057300586,0.22953358082297987,1043812412.0528126,1789518557.2332573,2462952033.472793
353,0.04494873003509492,0.4920637634634506,0.001,0.32665202788275927,0.001,1065800058.3986413,1802916345.7631361,2558856553.3473263
354,0.025684986342877438,0.001,0.00855385189270937,0.3192377740208608,0.017045092685000734,1046510082.9299142,1647214636.3818662,2048379518.395111
355,0.001,0.001,0.012645090021181284,0.001,0.06725429666962959,1023932263.4142132,1426163521.1037226,1597994622.118663
356,0.027222584701347374,0.5759379592361122,0.008232489095287376,0.27818791043888824,0.24737312838608533,1050322219.7758467,1746275996.3705769,2180101917.079065
357,0.0002963114152320194,0.17392648670618027,0.006201161417001417,0.7825012515878689,0.1008000537300964,1106508859.699209,2418798392.724689,3781149009.301112
358,0.012260420354180294,2.3901574612878385,0.006987398133175671,0.42944671854030975,0.15796694311572654,1374074159.5992742,3991633893.4861217,5690231848.196329
359,0.06987235211802612,1.128492907392621,0.0016276214287676916,0.33696915028178703,0.081976381270122,1076775273.7941964,2058564975.2336102,2736389753.8401127
360,0.016943733660766933,0.6888810954936702,0.0015059154054248274,0.755206684551016,0.0238170959451732,1187688806.7989986,3105212341.3860326,4886148302.321669
361,0.02548190310300622,0.7549491487550675,0.001,0.41150294767290674,0.05984561375295539,1119894444.2025678,2192287321.7752104,3274454986.3405457
362,0.005719490030362311,0.848335236267102,0.006665319835838953,0.42539689882582765,0.10900674896095136,1098638760.0492606,2242517246.444763,3255655731.4052825
363,0.023015093498884316,1.641799902225182,0.0024235838195057636,0.14263998189313962,0.11881707254722033,1040694281.0968107,1632815115.2061324,2071494628.8287625
364,0.045685077445881905,4.641918286924304,0.0022669268746950467,0.09335950659457196,0.13560796082790075,1031082188.5600092,1674716586.441278,2124057466.974012
365,0.06924381835240916,1.3653930373526815,0.013345365546547708,0.32115084616366457,0.10841658883721614,1074584643.4876776,2029596929.0201714,2918209772.7051525
366,0.007897982619996058,0.334754621900732,0.005102616877806381,0.13387749805870117,0.0582960849682974,1026462396.0343509,1478763671.4268372,1714006132.9957662
367,0.05913571991154759,1.9655243949868195,0.001,0.5405252126153337,0.18543112263407138,1255002526.7705824,3474851745.7117577,4882904199.045246
368,0.0049951950233896696,2.252177138020052,0.00757023839908739,0.18278090142804596,0.001,1088465897.404944,2018675090.824308,2558268416.5289574
369,0.01769274626740255,0.001,0.010882232553340226,0.6113829083908896,0.15129057258322853,1062977612.169197,1933310935.8029203,2776681939.291338
370,0.005164792907615011,2.2278817942063087,0.005303746775576457,0.8230059128117024,0.14213178647333685,1605511178.0991263,5239059490.490828,6369919139.693052
371,0.0097309972718786,0.001,0.0018500737498605541,0.30045141029413647,0.2040244225100447,1026060119.9443315,1577061439.5198603,1961257552.2323103
372,0.01810664169998186,2.286467129173819,0.001,0.22301829034490517,0.13221635421600458,1062733208.3803965,2053481021.3328567,2810351770.4353294
373,0.004727655672724058,0.4875385587288972,0.000663070964315963,0.19116045734351478,0.19810487219845677,1043280953.2705848,1668413646.690151,1983081191.4293118
374,0.015571802452048323,0.001,0.006040498796166385,0.0713799438391717,0.3402683860053183,1011350236.5746257,1411580289.5700338,1639391005.8724082
375,0.001,1.3234971830266296,0.007780790327832209,1.0355765670260315,0.10603064671136005,1497473253.0715952,4737724142.8496065,6182350593.555101
376,0.02106458271457825,1.054696457023086,0.001,0.5332204050504025,0.2226300605217567,1152827814.8295908,2803160512.883969,4116999013.4567413
377,0.01662198806183263,4.557695311865785,0.0076328465785011285,0.4477366161916191,0.15962908239344384,1666001871.1530254,5124787450.495393,6257644799.952227
378,0.0611310276183034,2.6520741651452386,0.001,0.4615692526144317,0.001,1305095902.420745,3849308405.635667,5328778908.558831
379,0.018399444983306357,0.001,0.0077126529803766535,0.10924172315543193,0.16910090686065582,1020266340.0110687,1457874597.0428517,1697429635.5962532
380,0.009432296288238355,1.1753301895938355,0.001,0.001,0.04896700855523668,1020595386.1248344,1436300105.881514,1750485595.7584546
381,0.015640807938735624,4.479292785202217,0.00680066527657152,0.001,0.001,1041713047.2770001,1425970392.607456,1631763534.5451756
382,0.019446075952936338,3.365598166805617,0.012554646406740172,0.33063844887614435,0.17174803650962017,1323428867.1305661,3841928278.732345,5261485778.335921
383,0.0005214637192498713,1.4827260459966791,0.0045160176246013695,0.7484817204429697,0.14262939745425388,1453805639.9274673,4563007079.22979,6091502145.556822
384,0.001,2.3060519410353715,0.007394102787619707,0.2154683760278297,0.07974477800720495,1096533739.952264,2099043168.2595158,3092855755.6481447
385,0.011457166607461605,2.7096299132765354,0.0053647112855601765,0.012869266476613295,0.2112680088181364,1023702798.9662943,1434002663.9781108,1685152243.5577164
386,0.01879500687801678,3.4595116604155685,0.005301290770066528,0.3268692071986483,0.001,1343548893.4981515,3693336371.254979,4909875571.254727
387,0.03320593683057467,0.001,0.005048357984601981,0.47673643629121293,0.16585877967030221,1060365481.0186166,1862270605.8804777,2576055839.9100456
388,0.011509586177178547,0.001,0.010475140256235204,0.7925282054895244,0.001,1103790722.317675,2202498705.2176027,3218156888.243134
389,0.021418552781794317,1.6282577128355356,0.001,0.001,0.3885560249615082,1026195421.9395032,1412537629.7623246,1630146758.9912763
390,0.06741333833604872,2.490399408143353,0.014162988178041683,0.19736565357983,0.09468909701376227,1084579805.4983761,1866892302.3865597,2538670476.822237
391,0.03054983938653129,1.7414922126609427,0.0022417129145505675,0.001,0.23792988094340395,1009260738.6741513,1394187431.7088063,1611472485.3369653
392,0.001,0.3703890505403289,0.005379175263643597,0.22436886632373568,0.13652561779711822,1040607785.7624885,1607148961.8746767,2008005338.5551472
393,0.001,1.773189236795337,0.008125582309706673,0.17032194200022138,0.08530961921175217,1088081918.8624904,1891242777.7063303,2394454149.710825
394,0.035306499143331754,2.7941465716080742,0.0006269043968266629,0.15736046918578375,0.18875931665964815,1071329905.8470751,1844442233.599398,2473369838.5099936
395,0.018715775256360756,0.07371099046880647,0.009869766596160663,0.025760311344753817,0.08449729505226386,1011622585.3007207,1417086339.235919,1566097252.3380547
396,0.014404310595115705,1.1546443513343356,0.004245362990818501,0.42921282901586233,0.14478416042497347,1124422198.098855,2483876943.231389,3920219943.1538486
397,0.02369957781127768,0.13728458391424136,0.00022927455053872812,0.4395573605401739,0.17716843755359007,1070608193.9620993,1940390840.4173796,2787674872.294309
398,0.001,1.0520966053897107,0.008301776421112548,0.16768026761647636,0.19459369217412986,1048818488.3221031,1700046867.2985628,2094034525.3239028
399,0.008436056014134493,1.2737957199456265,0.012378004300712234,0.3767283505159875,0.001,1143438795.2778513,2409375221.9230614,3657982310.382141
400,0.038594450421380114,2.5275803080581163,0.0029906569309596865,0.001,0.0024156655643570585,1028450018.2435263,1430480896.0826335,1621790638.3605003
401,0.03546781428503265,0.04285428123774038,0.014431178566578006,0.8764648478297057,0.19724757204190796,1080857812.9215858,2254379988.5605683,3318782614.0832458
402,0.027707128652109975,0.001,0.006084447146179372,0.8654498196477094,0.0712493485615617,1099333729.4049757,2228661676.716134,3706887237.8791747
403,0.006882460727245245,1.7958359309014993,0.006777599265412334,0.08768287323944043,0.14329602327526347,1019413736.2943828,1513366586.9412432,1828532829.629686
404,0.022367257978037063,0.13700857060077354,0.001,0.001,0.034068744429358075,1023949791.095294,1439904949.5739312,1668804084.7292995
405,0.001,0.001,0.001,0.03680384172153195,0.1680536365939685,1026597427.3999552,1433397240.1764288,1722409605.658954
406,0.0006007903685663826,1.3137550487872502,0.0076189530369628255,0.001,0.18684118945884187,1038096849.4513829,1474203905.0624962,1691070069.6265028
407,0.017970390265877413,2.492816551728156,0.0023368647400044485,0.3071497347320922,0.001,1183198747.258001,2688664077.9326167,3919416019.79163
408,0.006059652799852672,0.5939499808407054,0.002142981009105217,0.398677921496091,0.003985030708122922,1070298789.2332237,1982699276.3560016,2737634441.994745
409,0.013090194093143225,1.8968430667264928,0.001,0.7190147454068425,0.15680482859922512,1428522854.2007854,4563488177.517721,6184920599.572203
410,0.01913538930690136,2.790615090244822,0.010779821486980753,0.24675889307703816,0.10246268426999511,1113340895.2305875,2517763194.9690475,3804442329.7499776
411,0.014048724388755342,3.65045799226744,0.001,0.7002184106640298,0.001,1875351975.9742765,5880502718.391809,6721230460.006309
412,0.030640237741510024,3.1734113639272143,0.001,0.013446527014465637,0.04511225977907671,1032374447.9174353,1435008336.4989827,1780034506.5752332
413,0.04668088281382757,3.324250709565311,0.010634204408398337,0.1566605508330595,0.2575899067678086,1074686425.0272336,1876725735.7584753,2758661969.0896196
414,0.009929409278491317,2.6812385957701803,0.005444490038347311,0.8882384748747774,0.12530774957206486,1828531667.341189,5594511748.830077,6675752449.712585
415,0.001,0.001,0.004381542686329631,0.6954992666259088,0.001,1078478106.7740712,2095602790.4584084,2962235170.789345
416,0.001,1.0690641933345226,0.003752281009127687,0.8380629754525071,0.2839153584649692,1385778107.6222298,4060832918.603965,5222792139.805772
417,0.0033231646390602665,3.650481923831392,0.01062829500438365,0.001,0.06678248110097845,1019883261.5682015,1382805030.4446845,1580381776.5086346
418,0.029042678419892505,6.011670407049995,0.011680172699627468,0.2131755742328276,0.22588157631102065,1308888501.4637532,3584507546.5104976,5038559485.501068
419,0.001,0.001,0.001,0.573036103091638,0.002088376873802672,1081048622.9139936,1966486946.0087202,2869511927.3741536
420,0.06069674039309697,2.563110071840083,0.0032780814934396064,0.2026436106464074,0.17307269033787934,1074013724.1044824,1916110056.601558,2643186950.3576565
421,0.009882097945104447,2.0715398259756865,0.0032163508488265444,0.001,0.001,1007846287.1379324,1372537675.9417427,1634770395.9044886
422,0.001,0.986450041548097,0.003604396637116824,0.3018967779594556,0.06421498058982864,1084769236.6323514,2028808966.3997097,2775406681.419205
423,0.0042227539832449465,0.001,0.009999333294413649,0.30837633863038283,0.09148268224983759,1027671792.1057439,1672739848.3008583,1949096038.0562997
424,0.001,1.4101900516209986,0.0125191731223946,0.47859626528326127,0.001,1222380043.2878954,3125945579.9371986,4649349987.713633
425,0.044545374746359376,3.727915007246353,0.01170923021620978,0.40311687348420105,0.09743864127954173,1371548450.0957065,4052901399.330505,5198253729.895904
426,0.025229050149875882,2.27103758141851,0.009993677737385869,0.001,0.30266533022381603,1030969332.4548641,1415404039.7617083,1619213322.2081652
427,0.001,4.310911755396971,0.0051233448892125145,0.42566830071336187,0.16293342952890882,1671885565.3607414,5259183072.860622,6294365407.892349
428,0.02839806675891612,1.160525351582881,0.00783407176759465,0.15678337059831693,0.014368548682559185,1035858729.6017165,1573041426.5677328,1977021237.5379295
429,0.001,4.219840245847079,0.00758764568090611,0.2716821016932684,0.001,1252921422.0022757,3727654999.243838,5251955820.427961
430,0.013799396608176535,1.289045550822313,0.005484167470481297,0.32296836923702343,0.001,1107793254.8655746,2221927519.4112105,3233756491.5402613
431,0.04108241262556323,0.8755985944852746,0.012134976733819657,0.9056535207434748,0.04799942658981347,1257501398.0586197,3174779770.0286617,4943127603.212791
432,0.016441909106969216,0.0005653661004147992,0.0075226418621054504,0.026612214384615585,0.05107220767622428,1027456166.3871508,1421630631.3696125,1636948134.6114442
433,0.014630267099010375,0.12721797714393346,0.001,0.4838744888319783,0.06460793867700518,1042823857.8553361,1892938538.0708647,2531341889.743189
434,0.022673332330665832,1.232576569597816,0.0027563787084113715,0.001,0.10606203970160062,1023976874.993614,1431682220.7715726,1630914106.6644459
435,0.008674606432133225,0.5423863266896939,0.001,0.7882621753114256,0.12868271892464642,1227806069.4266908,3358013807.7151012,4569982935.369867
436,0.008030361290098176,0.822510558498845,0.005181373718438108,0.33719027402965007,0.16884470888607916,1080194642.0465016,2055738860.6256063,2954889695.815847
437,0.04778245836529177,4.721753925552977,0.005133563889501198,0.34301223392453734,0.028539238418889362,1384282723.05493,3953890663.8850746,5395117057.324869
438,0.03055587037288606,2.2463578307849144,0.007931433849885162,0.001,0.001,1030713899.8460512,1454520726.3866007,1618758923.2278814
439,0.037120516250839314,3.307050041575294,0.01099686583142177,0.001,0.19231143148006452,1028693562.5832045,1395766767.951133,1705615420.446887
440,0.022618420847498842,0.001,0.0031464847903784022,0.4863526594197761,0.14614568476273468,1055254678.3462747,1903055722.110639,2449917518.0857987
441,0.015970125569470434,2.24238519772017,0.009025036996382288,0.044254317128722465,0.001,1023820732.3639818,1447640835.6874359,1689320518.6178415
442,0.03699221932392182,1.8372159660196477,0.013103219166001417,0.06521360963843151,0.09625212466911923,1015322175.0169036,1434046962.5948222,1672439962.044076
443,0.021797864081790092,1.8669169496126568,0.0030335716560396116,0.001,0.22066793129184492,1030791267.1381984,1431955087.3757937,1669761349.1276162
444,0.014128038675210956,1.1777697156184348,0.0021665681999593228,0.44715238676986996,0.08969845169827083,1139552015.8624613,2497295130.7638907,3651243790.9097185
445,0.00928372175796248,1.026297542072502,0.008124229533817402,0.31165562663747687,0.025095105008986762,1065021513.0881337,1998987773.9564517,2697616667.1492696
446,0.008406303306046463,3.3399357709327235,0.007184456948206902,0.005763776842395374,0.001,1022768480.0965873,1432145700.009951,1645631357.1392493
447,0.01775395688382966,0.0955384313516301,0.008390079188429173,0.23945016950549536,0.0006799987967085336,1037482070.3874716,1586627028.5354307,1826014315.9916553
448,0.00817189604651128,3.1433195279730635,0.00472470256547961,0.18542325846333457,0.001,1084434469.1270502,2159443179.455761,3144545594.4613857
449,0.04689891978493095,0.5842579745170284,0.00087001595626274,0.45533894806973907,0.010118812823077208,1091371528.0234556,2133982076.5643644,2952717438.2338696
450,0.02699583250957172,1.9080476071869565,0.004762656671698396,0.2201357873615492,0.034622525243638944,1057176254.7058821,1881555128.6421466,2628667879.8565507
451,0.001,0.001,0.001,0.001,0.001,1024065321.5537739,1450771690.9668713,1641911667.9280841
452,0.026693325890108293,3.0633101546058397,0.0038018335812308557,0.2932271202107311,0.17779358142324764,1238741106.7062814,3332626017.3661346,4637358429.169258
453,0.08552015411604869,3.4311117927127674,0.009233335095623157,0.07421472797643952,0.027974893169842516,1033866684.3685699,1481216867.4896202,1779242240.996345
454,0.04488630849818767,2.1872188182071204,0.001,0.6797275136439513,0.10698793786881088,1465029273.42159,4837583217.587731,5958240930.177171
455,0.00842918606464401,1.6436028707255184,0.003100436220295285,0.1156516821696876,0.24256410349863392,1046084982.0476378,1602407583.6743138,1962676094.028255
456,0.040558291512678604,0.8359472402684913,0.001,0.4850782759994343,0.2096628076104903,1138836039.1615472,2371380350.675372,3731260814.263727
457,0.03919675999328849,4.415678876766902,0.008472489449236235,0.40465992995737415,0.09735774231834374,1660771059.09848,4763417636.937376,6183147616.797099
458,0.030506495492999317,0.9952688889632694,0.008545943698446593,0.4283635355596676,0.14721707460338518,1111076091.42543,2343365097.0249352,3426756748.8402967
459,0.001,1.2106386235907414,0.001,0.7030027131977018,0.013106075676271006,1272728946.771842,3646049612.9206905,5180252925.233792
460,0.01654474954876371,0.8440778898772611,0.012103168929735786,0.24903116130106756,0.09725515327900072,1082199649.7721565,1843808732.2871037,2465209424.70207
461,0.001,1.7292513306673984,0.0026294898584388947,0.4665343001066484,0.001,1269931600.5516305,3458309981.0693955,5030935064.642513
462,0.010535008507611562,2.6793701674059602,0.002367007269135916,0.14679115746558805,0.3057655074730282,1062547979.679459,1862132248.3762157,2286344353.7174354
463,0.023784805468570293,2.1745884309562387,0.0044297519415287595,0.6378826253918903,0.11242297284701315,1474193035.968852,4652199063.868045,6137000984.30633
464,0.001,2.1842912844955484,0.00019725981092028923,0.14869795496673405,0.08912880578502622,1050592292.2739198,1737447041.8465505,2346144782.6894255
465,0.001,0.44891776705164244,0.011055351684094088,0.2895916081405213,0.022134220966434706,1058723437.1993706,1786469012.820801,2336945297.190472
466,0.017503788586836086,1.9760306521196815,0.01048816664439614,0.00952482242151248,0.1635733922083612,1032353976.9162751,1405244339.655491,1634420350.0410867
467,0.030090309734141278,1.843850401711768,0.001,0.04781855162812326,0.14677263972079369,1029820850.7874365,1488599701.920384,1773601747.3178194
468,0.016040237799174382,1.9403820242207406,0.0041727418277838135,0.19931181208316961,0.18599174750417452,1070696525.146778,1874564664.7553182,2644839619.176614
469,0.001,2.4516689584309406,0.001,0.26923811167478595,0.13568579011512646,1144687660.1177711,2701145621.1855965,4077224335.896074
470,0.030997876683347293,4.155304281217635,0.0036235452768327023,0.20649649349882548,0.16379206243705355,1172731054.1463377,2579995473.973179,3928315881.3328476
471,0.009562093520573888,4.0219539801352004,0.0011480092177658181,0.006206291049759838,0.001,1027901992.9963909,1438404531.7042356,1698102768.5817251
472,0.021985264717699123,3.554945741453245,0.001,0.21055420822764798,0.2332082612458064,1164272238.5035903,2614751699.539428,3695796893.6138206
473,0.008885863432305147,0.001,0.001,0.2093787523991803,0.1270778441148777,1039208845.6009537,1537956849.09096,1809275878.1593397
474,0.009310169920486493,3.982458118177205,0.007506213224409173,0.8205298540012766,0.04378266271038386,2063398822.9378603,6250759314.549539,6980201171.877235
475,0.043734971200524164,3.069968543818715,0.011560104825333983,0.3608139979053742,0.17933237472370736,1243222446.5735464,3265700551.267978,5063076063.954542
476,0.03189631607704751,0.001,0.001,0.7034120114123045,0.17014699453442056,1102994296.667898,2185257308.3596053,3051590649.568138
477,0.01156197098280382,1.4512150589596329,0.001,0.7237890728799311,0.08230897501876133,1329939241.489262,4041789055.9689856,5517181380.729416
478,0.001,1.9109576564765611,0.005563024928925791,0.11071127413522502,0.001,1032806604.1507767,1612238178.740315,1937212233.823276
479,0.02116393675923381,3.686015665775254,0.00680088458005296,0.45208568250901043,0.046672751277842164,1541421123.3471103,5029908364.866636,6083325139.769226
480,0.02200458575600855,0.8799432432238522,0.009495893675185513,0.6601662730249256,0.2851714061405245,1226244014.7443402,3159676861.417568,4496398320.645613
481,0.006501467914703036,3.045175999515826,0.0040269320342847465,0.37545404003361044,0.21713952485441326,1328878070.3386,3961644703.5585637,5195750305.140226
482,0.0115304662632413,2.6540564160091478,0.0004803824744352911,0.001,0.0036863216534517296,1016778275.5035805,1409405677.3365738,1631198301.0950572
483,0.04841207562598686,6.060423373311707,0.006444958657970573,0.16440465287334954,0.08047527418940743,1140727787.793496,2280932409.2741394,3442786901.7025833
484,0.02230535246510141,4.795646195840015,0.00755348462777182,0.5582931673397656,0.004032869437056996,1958882703.9242182,5943070144.403875,6752309159.952442
485,0.001,0.2882231815839589,0.012599673204823667,0.29382104348792554,0.030768009251557357,1058349161.6923612,1746990332.1986918,2410788734.1858387
486,0.012823691457876985,1.485212851337093,0.002514629968603788,0.4794372740252568,0.09171597380634695,1212717118.734539,3219117719.2740545,4600575387.882246
487,0.019382979520423515,0.001,0.007543730944158755,0.04717137276598177,0.001,1015614011.3858395,1385816593.405397,1626022486.1534142
488,0.05022417990847346,4.332909929590375,0.008671817721001548,0.06105060770804277,0.056823102062863576,1023150919.6168771,1479314653.8464093,1739054564.1410298
489,0.001,1.4053175928700854,0.0027980536982396853,0.2539209700925469,0.21793685247735906,1077641013.0857503,1985437946.1310682,2702336890.8181973
490,0.009101807251623252,0.6516600673750146,0.011571613909403082,0.12102204525141358,0.001,1047823131.6840416,1553669278.9611075,1808506586.236319
491,0.02327608118444637,2.8193749140796016,0.004501459234063809,0.9657949651334052,0.14325882498335973,1928581220.9683175,5953551962.0393715,6853055521.320192
492,0.04147875340147385,0.2740318569660254,0.006752989483173305,0.33649892849840546,0.3062820740224946,1039658063.8511769,1699853535.2435799,2248581882.4887733
493,0.007036315845739606,2.2983875275856462,0.003358556649824221,0.3199091966038138,0.001,1138821131.611116,2638328402.366264,4405413568.82308
494,0.02019800681512467,1.5403454367318907,0.003275887494305449,0.7954044918237805,0.001,1387309635.6833448,4345888908.402439,5707831364.975685
495,0.05091289733912841,2.026876977803573,0.003565556077250632,0.001,0.18002820538586348,1015257669.7670557,1406035596.5061085,1610279292.9506683
496,0.001,2.0144970943977976,0.007575988326815695,0.2601259354289051,0.13079772459953598,1095666077.0517673,2281217751.1680593,3347928840.1910415
497,0.001,1.847584059712103,0.0046109366251776765,0.3561197646199319,0.04245298440068516,1165082812.2966166,2909213654.466496,4187527473.0901885
498,0.04208095631877762,0.782576628110633,0.006863074966651505,0.001,0.001,1022327686.5251807,1409415340.2672188,1589537661.9547117
499,0.010319118251165492,0.8760200957944329,0.0010957884919698302,0.13594986455728006,0.13422249231822733,1048040111.8137746,1559587224.6105847,1900100995.7972143
